{
	"id": "46dc5d05-5516-8d8f-b7bf-cfe04a9ef99e",
	"name": "homepageServer",
	"description": "",
	"order": [
		"b18e9229-ec21-7f83-c5d1-5e6a55b27b9a",
		"e713d021-6f15-0c7e-2adf-a4e54544aeaf",
		"86e1263a-f1e3-3c03-37be-b061bdd4cbd7"
	],
	"folders": [],
	"folders_order": [],
	"timestamp": 1503239173661,
	"owner": "1536851",
	"public": false,
	"requests": [
		{
			"id": "86e1263a-f1e3-3c03-37be-b061bdd4cbd7",
			"headers": "",
			"headerData": [],
			"url": "localhost/wt/praktikum/homepageServer/person",
			"queryParams": [],
			"pathVariables": {},
			"pathVariableData": [],
			"preRequestScript": null,
			"method": "PUT",
			"collectionId": "46dc5d05-5516-8d8f-b7bf-cfe04a9ef99e",
			"data": [],
			"dataMode": "raw",
			"name": "localhost/wt/praktikum/homepageServer/person",
			"description": "",
			"descriptionFormat": "html",
			"time": 1503239218329,
			"version": 2,
			"responses": [],
			"tests": null,
			"currentHelper": "normal",
			"helperAttributes": {},
			"rawModeData": "{\"name\":\"Bart\",\"birthdate\":\"21.7.2016, 00:00:00\",\"ort\":\"Ingolstadt\",\"beruf\":\"keinen\",\"bildpfad\":\"data\\/bart.jpeg\"}"
		},
		{
			"id": "b18e9229-ec21-7f83-c5d1-5e6a55b27b9a",
			"headers": "Auth: c2NyX2FkbWluOmJEQWJONTBU\n",
			"headerData": [
				{
					"key": "Auth",
					"value": "c2NyX2FkbWluOmJEQWJONTBU",
					"description": "",
					"enabled": true
				}
			],
			"url": "localhost/wt/praktikum/homepageServer/login",
			"queryParams": [],
			"pathVariables": {},
			"pathVariableData": [],
			"preRequestScript": null,
			"method": "POST",
			"collectionId": "46dc5d05-5516-8d8f-b7bf-cfe04a9ef99e",
			"data": [],
			"dataMode": "raw",
			"name": "localhost/wt/praktikum/homepageServer/login",
			"description": "",
			"descriptionFormat": "html",
			"time": 1503239202047,
			"version": 2,
			"responses": [],
			"tests": null,
			"currentHelper": "normal",
			"helperAttributes": {},
			"rawModeData": "{ \"benutzername\":\"Hugo\", \"passwort\":\"123\" }"
		},
		{
			"id": "e713d021-6f15-0c7e-2adf-a4e54544aeaf",
			"headers": "",
			"headerData": [],
			"url": "localhost/wt/praktikum/homepageServer/person",
			"queryParams": [],
			"pathVariables": {},
			"pathVariableData": [],
			"preRequestScript": null,
			"method": "GET",
			"collectionId": "46dc5d05-5516-8d8f-b7bf-cfe04a9ef99e",
			"data": null,
			"dataMode": "params",
			"name": "localhost/wt/praktikum/homepageServer/person",
			"description": "",
			"descriptionFormat": "html",
			"time": 1503239209883,
			"version": 2,
			"responses": [],
			"tests": null,
			"currentHelper": "normal",
			"helperAttributes": {}
		}
	]
}